{"id_06": {"6dB": {"6dB": {"AUC": 0.9630911188004614, "F1": 0.8379888268156425, "Precision": 0.974025974025974, "Recall": 0.7352941176470589}, "0dB": {"AUC": 0.8062283737024221, "F1": 0.5035971223021583, "Precision": 0.9459459459459459, "Recall": 0.3431372549019608}, "min6dB": {"AUC": 0.49634755863129565, "F1": 0.0, "Precision": 0.0, "Recall": 0.0}}, "0dB": {"6dB": {"AUC": 0.8944636678200693, "F1": 0.778443113772455, "Precision": 1.0, "Recall": 0.6372549019607843}, "0dB": {"AUC": 0.8364090734332948, "F1": 0.5416666666666667, "Precision": 0.9285714285714286, "Recall": 0.38235294117647056}, "min6dB": {"AUC": 0.5618992695117262, "F1": 0.0909090909090909, "Precision": 0.625, "Recall": 0.049019607843137254}}, "min6dB": {"6dB": {"AUC": 0.7872933487120338, "F1": 0.07547169811320754, "Precision": 1.0, "Recall": 0.0392156862745098}, "0dB": {"AUC": 0.845444059976932, "F1": 0.5655172413793104, "Precision": 0.9534883720930233, "Recall": 0.4019607843137255}, "min6dB": {"AUC": 0.7339484813533257, "F1": 0.42424242424242425, "Precision": 0.9333333333333333, "Recall": 0.27450980392156865}}}}