{"id_02": {"6dB": {"6dB": {"AUC": 0.5627789952114276, "F1": 0.5394736842105263}, "0dB": {"AUC": 0.5834753672591511, "F1": 0.4583333333333333}, "min6dB": {"AUC": 0.5798230663095527, "F1": 0.2362204724409449}}, "0dB": {"6dB": {"AUC": 0.5898060222384547, "F1": 0.4794520547945206}, "0dB": {"AUC": 0.6138300462624787, "F1": 0.4444444444444445}, "min6dB": {"AUC": 0.588263939615291, "F1": 0.203125}}, "min6dB": {"6dB": {"AUC": 0.6435354273192111, "F1": 0.15}, "0dB": {"AUC": 0.639314990666342, "F1": 0.180327868852459}, "min6dB": {"AUC": 0.5570976381787193, "F1": 0.27272727272727276}}}}