{"id_04": {"6dB": {"6dB": {"AUC": 1.0, "F1": 0.9950248756218906}, "0dB": {"AUC": 0.9687, "F1": 0.7857142857142857}, "min6dB": {"AUC": 0.9444, "F1": 0.6308724832214765}}, "0dB": {"6dB": {"AUC": 0.9789000000000001, "F1": 0.7607361963190183}, "0dB": {"AUC": 0.9668000000000001, "F1": 0.7374999999999999}, "min6dB": {"AUC": 0.9501, "F1": 0.4776119402985075}}, "min6dB": {"6dB": {"AUC": 0.8207, "F1": 0.24137931034482757}, "0dB": {"AUC": 0.891, "F1": 0.5}, "min6dB": {"AUC": 0.9369999999999999, "F1": 0.5874125874125874}}}}