{"id_06": {"6dB": {"6dB": {"AUC": 0.9678008458285275, "F1": 0.8333333333333333, "Precision": 0.9615384615384616, "Recall": 0.7352941176470589}, "0dB": {"AUC": 0.7928681276432141, "F1": 0.4817518248175183, "Precision": 0.9428571428571428, "Recall": 0.3235294117647059}, "min6dB": {"AUC": 0.4220492118415993, "F1": 0.0, "Precision": 0.0, "Recall": 0.0}}, "0dB": {"6dB": {"AUC": 0.9140715109573241, "F1": 0.8070175438596492, "Precision": 1.0, "Recall": 0.6764705882352942}, "0dB": {"AUC": 0.8517877739331027, "F1": 0.5753424657534247, "Precision": 0.9545454545454546, "Recall": 0.4117647058823529}, "min6dB": {"AUC": 0.5277777777777778, "F1": 0.07407407407407407, "Precision": 0.6666666666666666, "Recall": 0.0392156862745098}}, "min6dB": {"6dB": {"AUC": 0.8270857362552864, "F1": 0.14545454545454545, "Precision": 1.0, "Recall": 0.0784313725490196}, "0dB": {"AUC": 0.8641868512110726, "F1": 0.6225165562913907, "Precision": 0.9591836734693877, "Recall": 0.46078431372549017}, "min6dB": {"AUC": 0.7468281430219147, "F1": 0.43609022556390975, "Precision": 0.9354838709677419, "Recall": 0.28431372549019607}}}}