{"id_06": {"6dB": {"6dB": {"AUC": 0.9678008458285275, "F1": 0.8709677419354839, "Precision": 0.9642857142857143, "Recall": 0.7941176470588235}, "0dB": {"AUC": 0.7928681276432141, "F1": 0.5575757575757576, "Precision": 0.7301587301587301, "Recall": 0.45098039215686275}, "min6dB": {"AUC": 0.4220492118415993, "F1": 0.17687074829931973, "Precision": 0.28888888888888886, "Recall": 0.12745098039215685}}, "0dB": {"6dB": {"AUC": 0.9140715109573241, "F1": 0.5866666666666666, "Precision": 0.9166666666666666, "Recall": 0.43137254901960786}, "0dB": {"AUC": 0.8517877739331027, "F1": 0.7931034482758621, "Precision": 0.7076923076923077, "Recall": 0.9019607843137255}, "min6dB": {"AUC": 0.5277777777777778, "F1": 0.6448979591836734, "Precision": 0.5524475524475524, "Recall": 0.7745098039215687}}, "min6dB": {"6dB": {"AUC": 0.8270857362552864, "F1": NaN, "Precision": 0.0, "Recall": 0.0}, "0dB": {"AUC": 0.8641868512110726, "F1": 0.6547619047619048, "Precision": 0.8333333333333334, "Recall": 0.5392156862745098}, "min6dB": {"AUC": 0.7468281430219147, "F1": 0.7300380228136882, "Precision": 0.5962732919254659, "Recall": 0.9411764705882353}}}}