{"id_06": {"6dB": {"6dB": {"AUC": 0.9678008458285275, "F1": 0.8684210526315789, "Precision": 0.7857142857142857, "Recall": 0.9705882352941176}, "0dB": {"AUC": 0.7928681276432141, "F1": 0.7380073800738007, "Precision": 0.591715976331361, "Recall": 0.9803921568627451}, "min6dB": {"AUC": 0.4220492118415993, "F1": 0.6578947368421052, "Precision": 0.49504950495049505, "Recall": 0.9803921568627451}}, "0dB": {"6dB": {"AUC": 0.9140715109573241, "F1": 0.8607594936708861, "Precision": 0.7555555555555555, "Recall": 1.0}, "0dB": {"AUC": 0.8517877739331027, "F1": 0.763358778625954, "Precision": 0.625, "Recall": 0.9803921568627451}, "min6dB": {"AUC": 0.5277777777777778, "F1": 0.6666666666666667, "Precision": 0.5050505050505051, "Recall": 0.9803921568627451}}, "min6dB": {"6dB": {"AUC": 0.8270857362552864, "F1": 0.6845637583892618, "Precision": 0.5204081632653061, "Recall": 1.0}, "0dB": {"AUC": 0.8641868512110726, "F1": 0.7782101167315175, "Precision": 0.6451612903225806, "Recall": 0.9803921568627451}, "min6dB": {"AUC": 0.7468281430219147, "F1": 0.7272727272727274, "Precision": 0.5780346820809249, "Recall": 0.9803921568627451}}}}