{"id_00": {"6dB": {"min6dB": {"AUC": 0.7684972370287056, "F1": 0.3728813559322034}, "0dB": {"AUC": 0.8092816274634456, "F1": 0.7510917030567685}, "6dB": {"AUC": 0.895691720866546, "F1": 0.823045267489712}}, "0dB": {"min6dB": {"AUC": 0.7328964741552154, "F1": 0.22085889570552147}, "0dB": {"AUC": 0.7016969044941073, "F1": 0.6880733944954128}, "6dB": {"AUC": 0.8349063523888699, "F1": 0.7400881057268722}}, "min6dB": {"min6dB": {"AUC": 0.6385153308230231, "F1": 0.25301204819277107}, "0dB": {"AUC": 0.6500562374688249, "F1": 0.3502824858757062}, "6dB": {"AUC": 0.7001320357963715, "F1": 0.11688311688311691}}}}