{"id_06": {"6dB": {"6dB": {"AUC": 0.9630911188004614, "F1": 0.8379888268156425}, "0dB": {"AUC": 0.8062283737024221, "F1": 0.5035971223021583}, "min6dB": {"AUC": 0.49634755863129565, "F1": 0.0}}, "0dB": {"6dB": {"AUC": 0.8944636678200693, "F1": 0.778443113772455}, "0dB": {"AUC": 0.8364090734332948, "F1": 0.5416666666666667}, "min6dB": {"AUC": 0.5618992695117262, "F1": 0.0909090909090909}}, "min6dB": {"6dB": {"AUC": 0.7872933487120338, "F1": 0.07547169811320754}, "0dB": {"AUC": 0.845444059976932, "F1": 0.5655172413793104}, "min6dB": {"AUC": 0.7339484813533257, "F1": 0.42424242424242425}}}}