{"id_00": {"6dB": {"6dB": {"AUC": 0.895691720866546, "F1": 0.823045267489712, "Precision": 1.0, "Recall": 0.6993006993006993}, "0dB": {"AUC": 0.8092816274634456, "F1": 0.7510917030567685, "Precision": 1.0, "Recall": 0.6013986013986014}, "min6dB": {"AUC": 0.7684972370287056, "F1": 0.3728813559322034, "Precision": 0.9705882352941176, "Recall": 0.23076923076923078}}, "0dB": {"6dB": {"AUC": 0.8349063523888699, "F1": 0.7400881057268722, "Precision": 1.0, "Recall": 0.5874125874125874}, "0dB": {"AUC": 0.7016969044941073, "F1": 0.6880733944954128, "Precision": 1.0, "Recall": 0.5244755244755245}, "min6dB": {"AUC": 0.7328964741552154, "F1": 0.22085889570552147, "Precision": 0.9, "Recall": 0.1258741258741259}}, "min6dB": {"6dB": {"AUC": 0.7001320357963715, "F1": 0.11688311688311691, "Precision": 0.8181818181818182, "Recall": 0.06293706293706294}, "0dB": {"AUC": 0.6500562374688249, "F1": 0.3502824858757062, "Precision": 0.9117647058823529, "Recall": 0.21678321678321677}, "min6dB": {"AUC": 0.6385153308230231, "F1": 0.25301204819277107, "Precision": 0.9130434782608695, "Recall": 0.14685314685314685}}}}

{"id_02": {"6dB": {"6dB": {"AUC": 0.5627789952114276, "F1": 0.5394736842105263, "Precision": 1.0, "Recall": 0.36936936936936937}, "0dB": {"AUC": 0.5834753672591511, "F1": 0.4583333333333333, "Precision": 1.0, "Recall": 0.2972972972972973}, "min6dB": {"AUC": 0.5798230663095527, "F1": 0.2362204724409449, "Precision": 0.9375, "Recall": 0.13513513513513514}}, "0dB": {"6dB": {"AUC": 0.5898060222384547, "F1": 0.4794520547945206, "Precision": 1.0, "Recall": 0.3153153153153153}, "0dB": {"AUC": 0.6138300462624787, "F1": 0.4444444444444445, "Precision": 0.9696969696969697, "Recall": 0.2882882882882883}, "min6dB": {"AUC": 0.588263939615291, "F1": 0.203125, "Precision": 0.7647058823529411, "Recall": 0.11711711711711711}}, "min6dB": {"6dB": {"AUC": 0.6435354273192111, "F1": 0.15, "Precision": 1.0, "Recall": 0.08108108108108109}, "0dB": {"AUC": 0.639314990666342, "F1": 0.180327868852459, "Precision": 1.0, "Recall": 0.0990990990990991}, "min6dB": {"AUC": 0.5570976381787193, "F1": 0.27272727272727276, "Precision": 0.8571428571428571, "Recall": 0.16216216216216217}}}}


{"id_04": {"6dB": {"6dB": {"AUC": 1.0, "F1": 0.9950248756218906, "Precision": 0.9900990099009901, "Recall": 1.0}, "0dB": {"AUC": 0.9687, "F1": 0.7857142857142857, "Precision": 0.9705882352941176, "Recall": 0.66}, "min6dB": {"AUC": 0.9444, "F1": 0.6308724832214765, "Precision": 0.9591836734693877, "Recall": 0.47}}, "0dB": {"6dB": {"AUC": 0.9789000000000001, "F1": 0.7607361963190183, "Precision": 0.9841269841269841, "Recall": 0.62}, "0dB": {"AUC": 0.9668000000000001, "F1": 0.7374999999999999, "Precision": 0.9833333333333333, "Recall": 0.59}, "min6dB": {"AUC": 0.9501, "F1": 0.4776119402985075, "Precision": 0.9411764705882353, "Recall": 0.32}}, "min6dB": {"6dB": {"AUC": 0.8207, "F1": 0.24137931034482757, "Precision": 0.875, "Recall": 0.14}, "0dB": {"AUC": 0.891, "F1": 0.5, "Precision": 0.9444444444444444, "Recall": 0.34}, "min6dB": {"AUC": 0.9369999999999999, "F1": 0.5874125874125874, "Precision": 0.9767441860465116, "Recall": 0.42}}}}

{"id_06": {"6dB": {"6dB": {"AUC": 0.9630911188004614, "F1": 0.8379888268156425, "Precision": 0.974025974025974, "Recall": 0.7352941176470589}, "0dB": {"AUC": 0.8062283737024221, "F1": 0.5035971223021583, "Precision": 0.9459459459459459, "Recall": 0.3431372549019608}, "min6dB": {"AUC": 0.49634755863129565, "F1": 0.0, "Precision": 0.0, "Recall": 0.0}}, "0dB": {"6dB": {"AUC": 0.8944636678200693, "F1": 0.778443113772455, "Precision": 1.0, "Recall": 0.6372549019607843}, "0dB": {"AUC": 0.8364090734332948, "F1": 0.5416666666666667, "Precision": 0.9285714285714286, "Recall": 0.38235294117647056}, "min6dB": {"AUC": 0.5618992695117262, "F1": 0.0909090909090909, "Precision": 0.625, "Recall": 0.049019607843137254}}, "min6dB": {"6dB": {"AUC": 0.7872933487120338, "F1": 0.07547169811320754, "Precision": 1.0, "Recall": 0.0392156862745098}, "0dB": {"AUC": 0.845444059976932, "F1": 0.5655172413793104, "Precision": 0.9534883720930233, "Recall": 0.4019607843137255}, "min6dB": {"AUC": 0.7339484813533257, "F1": 0.42424242424242425, "Precision": 0.9333333333333333, "Recall": 0.27450980392156865}}}}
