{"id_00": {"6dB": {"6dB": {"AUC": 0.895691720866546, "F1": 0.823045267489712, "Precision": 1.0, "Recall": 0.6993006993006993}, "0dB": {"AUC": 0.8092816274634456, "F1": 0.7510917030567685, "Precision": 1.0, "Recall": 0.6013986013986014}, "min6dB": {"AUC": 0.7684972370287056, "F1": 0.3728813559322034, "Precision": 0.9705882352941176, "Recall": 0.23076923076923078}}, "0dB": {"6dB": {"AUC": 0.8349063523888699, "F1": 0.7400881057268722, "Precision": 1.0, "Recall": 0.5874125874125874}, "0dB": {"AUC": 0.7016969044941073, "F1": 0.6880733944954128, "Precision": 1.0, "Recall": 0.5244755244755245}, "min6dB": {"AUC": 0.7328964741552154, "F1": 0.22085889570552147, "Precision": 0.9, "Recall": 0.1258741258741259}}, "min6dB": {"6dB": {"AUC": 0.7001320357963715, "F1": 0.11688311688311691, "Precision": 0.8181818181818182, "Recall": 0.06293706293706294}, "0dB": {"AUC": 0.6500562374688249, "F1": 0.3502824858757062, "Precision": 0.9117647058823529, "Recall": 0.21678321678321677}, "min6dB": {"AUC": 0.6385153308230231, "F1": 0.25301204819277107, "Precision": 0.9130434782608695, "Recall": 0.14685314685314685}}}}