{"id_00": {"6dB": {"6dB": {"AUC": 0.8996038926108856, "F1": 0.8773006134969326, "Precision": 0.7814207650273224, "Recall": 1.0}, "0dB": {"AUC": 0.8048315321042593, "F1": 0.6562500000000001, "Precision": 0.7433628318584071, "Recall": 0.5874125874125874}, "min6dB": {"AUC": 0.7611130128612645, "F1": 0.5517241379310346, "Precision": 0.7191011235955056, "Recall": 0.44755244755244755}}, "0dB": {"6dB": {"AUC": 0.8469362805027141, "F1": 0.6075949367088609, "Precision": 0.7659574468085106, "Recall": 0.5034965034965035}, "0dB": {"AUC": 0.708836617927527, "F1": 0.8298507462686567, "Precision": 0.7239583333333334, "Recall": 0.972027972027972}, "min6dB": {"AUC": 0.7400850897354394, "F1": 0.7267759562841529, "Precision": 0.5964125560538116, "Recall": 0.9300699300699301}}, "min6dB": {"6dB": {"AUC": 0.7899163773289647, "F1": NaN, "Precision": 0.0, "Recall": 0.0}, "0dB": {"AUC": 0.6713286713286714, "F1": 0.011299435028248588, "Precision": 0.029411764705882353, "Recall": 0.006993006993006993}, "min6dB": {"AUC": 0.6629175020783412, "F1": 0.7243243243243244, "Precision": 0.5903083700440529, "Recall": 0.9370629370629371}}}}