{"id_02": {"6dB": {"6dB": {"AUC": 0.5627789952114276, "F1": 0.5394736842105263, "Precision": 1.0, "Recall": 0.36936936936936937}, "0dB": {"AUC": 0.5834753672591511, "F1": 0.4583333333333333, "Precision": 1.0, "Recall": 0.2972972972972973}, "min6dB": {"AUC": 0.5798230663095527, "F1": 0.2362204724409449, "Precision": 0.9375, "Recall": 0.13513513513513514}}, "0dB": {"6dB": {"AUC": 0.5898060222384547, "F1": 0.4794520547945206, "Precision": 1.0, "Recall": 0.3153153153153153}, "0dB": {"AUC": 0.6138300462624787, "F1": 0.4444444444444445, "Precision": 0.9696969696969697, "Recall": 0.2882882882882883}, "min6dB": {"AUC": 0.588263939615291, "F1": 0.203125, "Precision": 0.7647058823529411, "Recall": 0.11711711711711711}}, "min6dB": {"6dB": {"AUC": 0.6435354273192111, "F1": 0.15, "Precision": 1.0, "Recall": 0.08108108108108109}, "0dB": {"AUC": 0.639314990666342, "F1": 0.180327868852459, "Precision": 1.0, "Recall": 0.0990990990990991}, "min6dB": {"AUC": 0.5570976381787193, "F1": 0.27272727272727276, "Precision": 0.8571428571428571, "Recall": 0.16216216216216217}}}}