{"id_04": {"6dB": {"6dB": {"AUC": 1.0, "F1": 0.9950248756218906, "Precision": 0.9900990099009901, "Recall": 1.0}, "0dB": {"AUC": 0.9687, "F1": 0.7857142857142857, "Precision": 0.9705882352941176, "Recall": 0.66}, "min6dB": {"AUC": 0.9444, "F1": 0.6308724832214765, "Precision": 0.9591836734693877, "Recall": 0.47}}, "0dB": {"6dB": {"AUC": 0.9789000000000001, "F1": 0.7607361963190183, "Precision": 0.9841269841269841, "Recall": 0.62}, "0dB": {"AUC": 0.9668000000000001, "F1": 0.7374999999999999, "Precision": 0.9833333333333333, "Recall": 0.59}, "min6dB": {"AUC": 0.9501, "F1": 0.4776119402985075, "Precision": 0.9411764705882353, "Recall": 0.32}}, "min6dB": {"6dB": {"AUC": 0.8207, "F1": 0.24137931034482757, "Precision": 0.875, "Recall": 0.14}, "0dB": {"AUC": 0.891, "F1": 0.5, "Precision": 0.9444444444444444, "Recall": 0.34}, "min6dB": {"AUC": 0.9369999999999999, "F1": 0.5874125874125874, "Precision": 0.9767441860465116, "Recall": 0.42}}}}